Manufacturer,Year,Disengagement,Disengagement_main,Disengagement_first_time_flier,Disengagement_Driverless,Mileage,Mileage_main,Mileage_first_time_flier,Mileage_Driverless,Collision,Disengagement_per_Mile,Collision_per_Mile,Disengagement_if_capable_without_driver_per_Mile,Disengagement_if_not_capable_without_driver_per_Mile,Disengagement_if_driverless_per_Mile,Disengagement_if_initiated_by_human_per_Mile,Disengagement_if_initiated_by_AV_per_Mile,without_a_driver_=_Yes,without_a_driver_=_No,initiated_by_Human,initiated_by_AV,Collision in manual mode per Mile,Collision in Autonomous mode per Mile,Collision if damage is none per Mile,Collision if damaged per Mile,Collision if no injury per Mile,Collision if injury per Mile,Collision if not at fault per Mile,Collision if at fault per Mile,Collision if other human not involved per Mile,Collision if other human involved per Mile,Collision if rear per Mile,Collision if front per Mile,Collision if sides per Mile,Collision if stopped per Mile,Collision if moving per Mile,Disengagement if street per Mile,Disengagement if freeway per Mile,Disengagement if highway per Mile,Street,Freeway,Highway,Rural Road,Parking Facility,mode1_manual,mode1_auto,mode1_auto_disengaged,mode2_manual,mode2_auto,damage1_none,damage1_minor,damage1_mod,damage1_major,damage2_none,damage2_damaged,injury2_no_injury,injury2_minor_AV,injury2_minor_Human,injury3_no_injury,injury3_injured,fault2_not_at_fault,fault2_at_fault,involed2_none,involed2_Human,contact2_none,contact2_rear,contact2_front,contact2_sides,turn2_stopped,turn2_moving
AImotive,2019,26,26,0,0,6056,6056,0,0,1,0.00429326288,0.0001651254954,0,0.00429326288,-0.000005,0.00429326288,0,0,26,26,0,0.0001651254954,0,0,0.0001651254954,0.0001651254954,0,0.0001651254954,0,0.0001651254954,0,0.0001651254954,0,0,0.0001651254954,0,0,0.00429326288,0,0,26,0,0,0,1,0,0,1,0,0,1,0,0,0,1,1,0,0,1,0,1,0,1,0,0,1,0,0,1,0
Apollo,2019,-0.2,-0.2,-0.2,-0.2,0,0,0,0,-0.2,-0.000005,-0.000005,-0.000005,-0.000005,-0.000005,-0.000005,-0.000005,-0.2,-0.2,-0.2,-0.2,-0.000005,-0.000005,-0.000005,-0.000005,-0.000005,-0.000005,-0.000005,-0.000005,-0.000005,-0.000005,-0.000005,-0.000005,-0.000005,-0.000005,-0.000005,-0.000005,-0.000005,-0.000005,-0.2,-0.2,-0.2,-0.2,-0.2,-0.2,-0.2,-0.2,-0.2,-0.2,-0.2,-0.2,-0.2,-0.2,-0.2,-0.2,-0.2,-0.2,-0.2,-0.2,-0.2,-0.2,-0.2,-0.2,-0.2,-0.2,-0.2,-0.2,-0.2,-0.2,-0.2
Apple,2019,64,64,0,0,7544,7544,0,0,1,0.008483563097,0.0001325556734,0,0.008483563097,-0.000005,0.001590668081,0.006892895016,0,64,12,52,0.0001325556734,0,0,0.0001325556734,0.0001325556734,0,0.0001325556734,0,0.0001325556734,0,0,0.0001325556734,0,0,0.0001325556734,0.006760339343,0,0.001723223754,51,0,13,0,0,1,0,0,1,0,0,1,0,0,0,1,1,0,0,1,0,1,0,1,0,0,0,1,0,0,1
Argo AI,2019,1,0,1,0,2001.1,0,2001.1,0,0,0.0004997251512,0,0,0.0004997251512,-0.000005,0.0004997251512,0,0,1,1,0,-0.0004997251512,-0.0004997251512,-0.0004997251512,-0.0004997251512,-0.0004997251512,-0.0004997251512,-0.0004997251512,-0.0004997251512,-0.0004997251512,-0.0004997251512,-0.0004997251512,-0.0004997251512,-0.0004997251512,-0.0004997251512,-0.0004997251512,0.0004997251512,0,0,1,0,0,0,0,-0.2,-0.2,-0.2,-0.2,-0.2,-0.2,-0.2,-0.2,-0.2,-0.2,-0.2,-0.2,-0.2,-0.2,-0.2,-0.2,-0.2,-0.2,-0.2,-0.2,-0.2,-0.2,-0.2,-0.2,-0.2,-0.2
Atlas Robotics,2019,9,0,9,0,45.2,0,45.2,0,0,0.1991150442,0,0.1991150442,0,-0.000005,0.1991150442,0,9,0,9,0,-0.02212389381,-0.02212389381,-0.02212389381,-0.02212389381,-0.02212389381,-0.02212389381,-0.02212389381,-0.02212389381,-0.02212389381,-0.02212389381,-0.02212389381,-0.02212389381,-0.02212389381,-0.02212389381,-0.02212389381,0.1769911504,0,0,8,0,0,0,1,-0.2,-0.2,-0.2,-0.2,-0.2,-0.2,-0.2,-0.2,-0.2,-0.2,-0.2,-0.2,-0.2,-0.2,-0.2,-0.2,-0.2,-0.2,-0.2,-0.2,-0.2,-0.2,-0.2,-0.2,-0.2,-0.2
Aurora,2019,141,141,0,0,13430,13430,0,0,1,0.0104988831,0.00007446016381,0,0.0104988831,-0.000005,0.006031273269,0.004467609829,0,141,81,60,0.00007446016381,0,0,0.00007446016381,0.00007446016381,0,0.00007446016381,0,0.00007446016381,0,0.00007446016381,0,0,0.00007446016381,0,0.009158600149,0.0005956813105,0.0007446016381,123,8,10,0,0,1,0,0,1,0,0,0,1,0,0,1,1,0,0,1,0,1,0,1,0,0,1,0,0,1,0
AutoX,2019,3,3,0,0,32054,32054,0,0,0,0.00009359206339,0,0,0.00009359206339,-0.000005,0.00009359206339,0,0,3,3,0,-0.00003119735446,-0.00003119735446,-0.00003119735446,-0.00003119735446,-0.00003119735446,-0.00003119735446,-0.00003119735446,-0.00003119735446,-0.00003119735446,-0.00003119735446,-0.00003119735446,-0.00003119735446,-0.00003119735446,-0.00003119735446,-0.00003119735446,0.00009359206339,0,0,3,0,0,0,0,-0.2,-0.2,-0.2,-0.2,-0.2,-0.2,-0.2,-0.2,-0.2,-0.2,-0.2,-0.2,-0.2,-0.2,-0.2,-0.2,-0.2,-0.2,-0.2,-0.2,-0.2,-0.2,-0.2,-0.2,-0.2,-0.2
Baidu,2019,6,6,0,0,108300,108300,0,0,0,0.00005540166205,0,0,0.00005540166205,-0.000005,0.00003693444137,0.00001846722068,0,6,4,2,-0.000009233610342,-0.000009233610342,-0.000009233610342,-0.000009233610342,-0.000009233610342,-0.000009233610342,-0.000009233610342,-0.000009233610342,-0.000009233610342,-0.000009233610342,-0.000009233610342,-0.000009233610342,-0.000009233610342,-0.000009233610342,-0.000009233610342,0.00005540166205,0,0,6,0,0,0,0,-0.2,-0.2,-0.2,-0.2,-0.2,-0.2,-0.2,-0.2,-0.2,-0.2,-0.2,-0.2,-0.2,-0.2,-0.2,-0.2,-0.2,-0.2,-0.2,-0.2,-0.2,-0.2,-0.2,-0.2,-0.2,-0.2
BMW,2019,8,8,0,0,22,22,0,0,0,0.3636363636,0,0.3636363636,0,-0.000005,0,0.3636363636,8,0,0,8,-0.04545454545,-0.04545454545,-0.04545454545,-0.04545454545,-0.04545454545,-0.04545454545,-0.04545454545,-0.04545454545,-0.04545454545,-0.04545454545,-0.04545454545,-0.04545454545,-0.04545454545,-0.04545454545,-0.04545454545,0,0,0,0,0,0,8,0,-0.2,-0.2,-0.2,-0.2,-0.2,-0.2,-0.2,-0.2,-0.2,-0.2,-0.2,-0.2,-0.2,-0.2,-0.2,-0.2,-0.2,-0.2,-0.2,-0.2,-0.2,-0.2,-0.2,-0.2,-0.2,-0.2
Box Bot,2019,65,0,65,0,26.1,0,26.1,0,0,2.490421456,0,2.490421456,0,-0.000005,2.490421456,0,65,0,65,0,-0.03831417625,-0.03831417625,-0.03831417625,-0.03831417625,-0.03831417625,-0.03831417625,-0.03831417625,-0.03831417625,-0.03831417625,-0.03831417625,-0.03831417625,-0.03831417625,-0.03831417625,-0.03831417625,-0.03831417625,2.490421456,0,0,65,0,0,0,0,-0.2,-0.2,-0.2,-0.2,-0.2,-0.2,-0.2,-0.2,-0.2,-0.2,-0.2,-0.2,-0.2,-0.2,-0.2,-0.2,-0.2,-0.2,-0.2,-0.2,-0.2,-0.2,-0.2,-0.2,-0.2,-0.2
CRUISE,2019,68,68,0,0,831036,831036,0,0,61,0.00008182557675,0.00007340235561,0,0.00008182557675,-0.000005,0.00008182557675,0,0,68,68,0,0.00001443980766,0.00003369288454,0.00001082985575,0.00006257249987,0.00005294596143,0.00002045639419,0.00006738576909,0.000006016586526,0.00006136918256,0.00001203317305,0.0000469293749,0.00001443980766,0.000001203317305,0.00001804975958,0.00005535259604,0.00008182557675,0,0,68,0,0,0,0,12,28,21,12,49,9,40,12,0,9,52,44,11,6,44,17,56,5,51,10,9,39,12,1,15,46
Deeproute.AI,2019,0,0,0,0,923,0,923,0,0,0,0,-0.001083423619,-0.001083423619,-0.000005,-0.001083423619,-0.001083423619,-0.2,-0.2,-0.2,-0.2,-0.001083423619,-0.001083423619,-0.001083423619,-0.001083423619,-0.001083423619,-0.001083423619,-0.001083423619,-0.001083423619,-0.001083423619,-0.001083423619,-0.001083423619,-0.001083423619,-0.001083423619,-0.001083423619,-0.001083423619,-0.001083423619,-0.001083423619,-0.001083423619,-0.2,-0.2,-0.2,-0.2,-0.2,-0.2,-0.2,-0.2,-0.2,-0.2,-0.2,-0.2,-0.2,-0.2,-0.2,-0.2,-0.2,-0.2,-0.2,-0.2,-0.2,-0.2,-0.2,-0.2,-0.2,-0.2,-0.2,-0.2,-0.2,-0.2,-0.2
DiDi,2019,8,0,8,0,11729.86,0,11729.86,0,0,0.0006820200753,0,0,0.0006820200753,-0.000005,0.0006820200753,0,0,8,8,0,-0.00008525250941,-0.00008525250941,-0.00008525250941,-0.00008525250941,-0.00008525250941,-0.00008525250941,-0.00008525250941,-0.00008525250941,-0.00008525250941,-0.00008525250941,-0.00008525250941,-0.00008525250941,-0.00008525250941,-0.00008525250941,-0.00008525250941,0.0006820200753,0,0,8,0,0,0,0,-0.2,-0.2,-0.2,-0.2,-0.2,-0.2,-0.2,-0.2,-0.2,-0.2,-0.2,-0.2,-0.2,-0.2,-0.2,-0.2,-0.2,-0.2,-0.2,-0.2,-0.2,-0.2,-0.2,-0.2,-0.2,-0.2
Drive.ai,2019,75,75,0,0,3975,3975,0,0,0,0.01886792453,0,0,0.01886792453,-0.000005,0.01886792453,0,0,75,75,0,-0.000251572327,-0.000251572327,-0.000251572327,-0.000251572327,-0.000251572327,-0.000251572327,-0.000251572327,-0.000251572327,-0.000251572327,-0.000251572327,-0.000251572327,-0.000251572327,-0.000251572327,-0.000251572327,-0.000251572327,0.01886792453,0,0,75,0,0,0,0,-0.2,-0.2,-0.2,-0.2,-0.2,-0.2,-0.2,-0.2,-0.2,-0.2,-0.2,-0.2,-0.2,-0.2,-0.2,-0.2,-0.2,-0.2,-0.2,-0.2,-0.2,-0.2,-0.2,-0.2,-0.2,-0.2
EasyMile,2019,-0.2,-0.2,-0.2,-0.2,0,0,0,0,-0.2,-0.000005,-0.000005,-0.000005,-0.000005,-0.000005,-0.000005,-0.000005,-0.2,-0.2,-0.2,-0.2,-0.000005,-0.000005,-0.000005,-0.000005,-0.000005,-0.000005,-0.000005,-0.000005,-0.000005,-0.000005,-0.000005,-0.000005,-0.000005,-0.000005,-0.000005,-0.000005,-0.000005,-0.000005,-0.2,-0.2,-0.2,-0.2,-0.2,-0.2,-0.2,-0.2,-0.2,-0.2,-0.2,-0.2,-0.2,-0.2,-0.2,-0.2,-0.2,-0.2,-0.2,-0.2,-0.2,-0.2,-0.2,-0.2,-0.2,-0.2,-0.2,-0.2,-0.2,-0.2,-0.2
Gatik AI,2019,20,0,20,0,2356,0,2356,0,0,0.008488964346,0,0,0.008488964346,-0.000005,0.008488964346,0,0,20,20,0,-0.0004244482173,-0.0004244482173,-0.0004244482173,-0.0004244482173,-0.0004244482173,-0.0004244482173,-0.0004244482173,-0.0004244482173,-0.0004244482173,-0.0004244482173,-0.0004244482173,-0.0004244482173,-0.0004244482173,-0.0004244482173,-0.0004244482173,0.008488964346,0,0,20,0,0,0,0,-0.2,-0.2,-0.2,-0.2,-0.2,-0.2,-0.2,-0.2,-0.2,-0.2,-0.2,-0.2,-0.2,-0.2,-0.2,-0.2,-0.2,-0.2,-0.2,-0.2,-0.2,-0.2,-0.2,-0.2,-0.2,-0.2
INCEPTIO,2019,-0.2,-0.2,-0.2,-0.2,0,0,0,0,-0.2,-0.000005,-0.000005,-0.000005,-0.000005,-0.000005,-0.000005,-0.000005,-0.2,-0.2,-0.2,-0.2,-0.000005,-0.000005,-0.000005,-0.000005,-0.000005,-0.000005,-0.000005,-0.000005,-0.000005,-0.000005,-0.000005,-0.000005,-0.000005,-0.000005,-0.000005,-0.000005,-0.000005,-0.000005,-0.2,-0.2,-0.2,-0.2,-0.2,-0.2,-0.2,-0.2,-0.2,-0.2,-0.2,-0.2,-0.2,-0.2,-0.2,-0.2,-0.2,-0.2,-0.2,-0.2,-0.2,-0.2,-0.2,-0.2,-0.2,-0.2,-0.2,-0.2,-0.2,-0.2,-0.2
Lyft,2019,1667,1667,0,0,42929,42929,0,0,6,0.03883155909,0.0001397656596,0,0.03883155909,-0.000005,0.03824920217,0.0005823569149,0,1667,1642,25,0.000116471383,0,0,0.0001397656596,0.0001397656596,0,0.00009317710638,0.00004658855319,0.0001397656596,0,0.00006988282979,0.00006988282979,0,0.00004658855319,0.00009317710638,0.03883155909,0,0,1667,0,0,0,0,5,0,1,5,1,0,6,0,0,0,6,6,0,0,6,0,4,2,6,0,0,3,3,0,2,4
Mercedes Benz,2019,2054,2054,0,0,14237,14237,0,0,0,0.1442719674,0,0,0.1442719674,-0.000005,0.05120460771,0.0930673597,0,2054,729,1325,-0.00007023951675,-0.00007023951675,-0.00007023951675,-0.00007023951675,-0.00007023951675,-0.00007023951675,-0.00007023951675,-0.00007023951675,-0.00007023951675,-0.00007023951675,-0.00007023951675,-0.00007023951675,-0.00007023951675,-0.00007023951675,-0.00007023951675,0.1314181358,0.01285383157,0,1871,183,0,0,0,-0.2,-0.2,-0.2,-0.2,-0.2,-0.2,-0.2,-0.2,-0.2,-0.2,-0.2,-0.2,-0.2,-0.2,-0.2,-0.2,-0.2,-0.2,-0.2,-0.2,-0.2,-0.2,-0.2,-0.2,-0.2,-0.2
Nissan,2019,47,47,0,0,2277,2277,0,0,0,0.02064119455,0,0,0.02064119455,-0.000005,0.02064119455,0,0,47,47,0,-0.0004391743522,-0.0004391743522,-0.0004391743522,-0.0004391743522,-0.0004391743522,-0.0004391743522,-0.0004391743522,-0.0004391743522,-0.0004391743522,-0.0004391743522,-0.0004391743522,-0.0004391743522,-0.0004391743522,-0.0004391743522,-0.0004391743522,0.01976284585,0.0008783487044,0,45,2,0,0,0,-0.2,-0.2,-0.2,-0.2,-0.2,-0.2,-0.2,-0.2,-0.2,-0.2,-0.2,-0.2,-0.2,-0.2,-0.2,-0.2,-0.2,-0.2,-0.2,-0.2,-0.2,-0.2,-0.2,-0.2,-0.2,-0.2
Nullmax,2019,70,70,0,0,2430,2430,0,0,0,0.02880658436,0,0.02880658436,0,-0.000005,0.02633744856,0.002469135802,70,0,64,6,-0.0004115226337,-0.0004115226337,-0.0004115226337,-0.0004115226337,-0.0004115226337,-0.0004115226337,-0.0004115226337,-0.0004115226337,-0.0004115226337,-0.0004115226337,-0.0004115226337,-0.0004115226337,-0.0004115226337,-0.0004115226337,-0.0004115226337,0.004938271605,0,0.01851851852,12,0,45,13,0,-0.2,-0.2,-0.2,-0.2,-0.2,-0.2,-0.2,-0.2,-0.2,-0.2,-0.2,-0.2,-0.2,-0.2,-0.2,-0.2,-0.2,-0.2,-0.2,-0.2,-0.2,-0.2,-0.2,-0.2,-0.2,-0.2
Nuro,2019,34,34,0,0,68760,68760,0,0,0,0.0004944735311,0,0,0.0004944735311,-0.000005,0.0004944735311,0,0,34,34,0,-0.00001454333915,-0.00001454333915,-0.00001454333915,-0.00001454333915,-0.00001454333915,-0.00001454333915,-0.00001454333915,-0.00001454333915,-0.00001454333915,-0.00001454333915,-0.00001454333915,-0.00001454333915,-0.00001454333915,-0.00001454333915,-0.00001454333915,0.0004944735311,0,0,34,0,0,0,0,-0.2,-0.2,-0.2,-0.2,-0.2,-0.2,-0.2,-0.2,-0.2,-0.2,-0.2,-0.2,-0.2,-0.2,-0.2,-0.2,-0.2,-0.2,-0.2,-0.2,-0.2,-0.2,-0.2,-0.2,-0.2,-0.2
NVIDIA,2019,655,655,0,0,7218,7218,0,0,0,0.09074535883,0,0,0.09074535883,-0.000005,0.08880576337,0.001939595456,0,655,641,14,-0.0001385425326,-0.0001385425326,-0.0001385425326,-0.0001385425326,-0.0001385425326,-0.0001385425326,-0.0001385425326,-0.0001385425326,-0.0001385425326,-0.0001385425326,-0.0001385425326,-0.0001385425326,-0.0001385425326,-0.0001385425326,-0.0001385425326,0.004710446107,0.07952341369,0.00651149903,34,574,47,0,0,-0.2,-0.2,-0.2,-0.2,-0.2,-0.2,-0.2,-0.2,-0.2,-0.2,-0.2,-0.2,-0.2,-0.2,-0.2,-0.2,-0.2,-0.2,-0.2,-0.2,-0.2,-0.2,-0.2,-0.2,-0.2,-0.2
Phantom AI,2019,43,43,0,0,1125,1125,0,0,0,0.03822222222,0,0,0.03822222222,-0.000005,0.03822222222,0,0,43,43,0,-0.0008888888889,-0.0008888888889,-0.0008888888889,-0.0008888888889,-0.0008888888889,-0.0008888888889,-0.0008888888889,-0.0008888888889,-0.0008888888889,-0.0008888888889,-0.0008888888889,-0.0008888888889,-0.0008888888889,-0.0008888888889,-0.0008888888889,0.03822222222,0,0,43,0,0,0,0,-0.2,-0.2,-0.2,-0.2,-0.2,-0.2,-0.2,-0.2,-0.2,-0.2,-0.2,-0.2,-0.2,-0.2,-0.2,-0.2,-0.2,-0.2,-0.2,-0.2,-0.2,-0.2,-0.2,-0.2,-0.2,-0.2
PlusAI,2019,2,2,0,0,1880,1880,0,0,0,0.001063829787,0,0,0.001063829787,-0.000005,0.001063829787,0,0,2,2,0,-0.0005319148936,-0.0005319148936,-0.0005319148936,-0.0005319148936,-0.0005319148936,-0.0005319148936,-0.0005319148936,-0.0005319148936,-0.0005319148936,-0.0005319148936,-0.0005319148936,-0.0005319148936,-0.0005319148936,-0.0005319148936,-0.0005319148936,0,0,0.001063829787,0,0,2,0,0,-0.2,-0.2,-0.2,-0.2,-0.2,-0.2,-0.2,-0.2,-0.2,-0.2,-0.2,-0.2,-0.2,-0.2,-0.2,-0.2,-0.2,-0.2,-0.2,-0.2,-0.2,-0.2,-0.2,-0.2,-0.2,-0.2
Pony.ai,2019,27,27,0,0,174845.29,174845.29,0,0,2,0.0001544222324,0.00001143868388,0,0.0001544222324,-0.000005,0.0001487028904,0.000005719341939,0,27,26,1,0,0,0,0.00001143868388,0.00001143868388,0,0.00001143868388,0,0.00001143868388,0,0,0.00001143868388,0,0.000005719341939,0.000005719341939,0.0001544222324,0,0,27,0,0,0,0,0,0,2,0,2,0,2,0,0,0,2,2,0,0,2,0,2,0,2,0,0,0,2,0,1,1
QCraft,2019,9,0,9,0,4547,0,4547,0,0,0.001979327029,0,0,0.001979327029,-0.000005,0.001539476578,0.0004398504508,0,9,7,2,-0.0002199252254,-0.0002199252254,-0.0002199252254,-0.0002199252254,-0.0002199252254,-0.0002199252254,-0.0002199252254,-0.0002199252254,-0.0002199252254,-0.0002199252254,-0.0002199252254,-0.0002199252254,-0.0002199252254,-0.0002199252254,-0.0002199252254,0.001759401803,0,0,8,0,0,0,1,-0.2,-0.2,-0.2,-0.2,-0.2,-0.2,-0.2,-0.2,-0.2,-0.2,-0.2,-0.2,-0.2,-0.2,-0.2,-0.2,-0.2,-0.2,-0.2,-0.2,-0.2,-0.2,-0.2,-0.2,-0.2,-0.2
Qualcomm,2019,37,37,0,0,2165,2165,0,0,0,0.01709006928,0,0,0.01709006928,-0.000005,0.01709006928,0,0,37,37,0,-0.0004618937644,-0.0004618937644,-0.0004618937644,-0.0004618937644,-0.0004618937644,-0.0004618937644,-0.0004618937644,-0.0004618937644,-0.0004618937644,-0.0004618937644,-0.0004618937644,-0.0004618937644,-0.0004618937644,-0.0004618937644,-0.0004618937644,0,0.01709006928,0,0,37,0,0,0,-0.2,-0.2,-0.2,-0.2,-0.2,-0.2,-0.2,-0.2,-0.2,-0.2,-0.2,-0.2,-0.2,-0.2,-0.2,-0.2,-0.2,-0.2,-0.2,-0.2,-0.2,-0.2,-0.2,-0.2,-0.2,-0.2
RIDECELL,2019,6,0,6,0,8.69,0,8.69,0,0,0.6904487917,0,0,0.6904487917,-0.000005,0.6904487917,0,0,6,6,0,-0.000005150747986,-0.000005150747986,-0.000005150747986,-0.000005150747986,-0.000005150747986,-0.000005150747986,-0.000005150747986,-0.000005150747986,-0.000005150747986,-0.000005150747986,-0.000005150747986,-0.000005150747986,-0.000005150747986,-0.000005150747986,-0.000005150747986,0.6904487917,0,0,6,0,0,0,0,-0.2,-0.2,-0.2,-0.2,-0.2,-0.2,-0.2,-0.2,-0.2,-0.2,-0.2,-0.2,-0.2,-0.2,-0.2,-0.2,-0.2,-0.2,-0.2,-0.2,-0.2,-0.2,-0.2,-0.2,-0.2,-0.2
SAIC,2019,40,40,0,0,2229,2229,0,0,0,0.01794526694,0,0.01794526694,0,-0.000005,0.01794526694,0,40,0,40,0,-0.0004486316734,-0.0004486316734,-0.0004486316734,-0.0004486316734,-0.0004486316734,-0.0004486316734,-0.0004486316734,-0.0004486316734,-0.0004486316734,-0.0004486316734,-0.0004486316734,-0.0004486316734,-0.0004486316734,-0.0004486316734,-0.0004486316734,0.01794526694,0,0,40,0,0,0,0,-0.2,-0.2,-0.2,-0.2,-0.2,-0.2,-0.2,-0.2,-0.2,-0.2,-0.2,-0.2,-0.2,-0.2,-0.2,-0.2,-0.2,-0.2,-0.2,-0.2,-0.2,-0.2,-0.2,-0.2,-0.2,-0.2
SF Motors,2019,140,140,0,0,3492,3492,0,0,0,0.04009163803,0,0,0.04009163803,-0.000005,0.04009163803,0,0,140,140,0,-0.0002863688431,-0.0002863688431,-0.0002863688431,-0.0002863688431,-0.0002863688431,-0.0002863688431,-0.0002863688431,-0.0002863688431,-0.0002863688431,-0.0002863688431,-0.0002863688431,-0.0002863688431,-0.0002863688431,-0.0002863688431,-0.0002863688431,0.005154639175,0,0.03493699885,18,0,122,0,0,-0.2,-0.2,-0.2,-0.2,-0.2,-0.2,-0.2,-0.2,-0.2,-0.2,-0.2,-0.2,-0.2,-0.2,-0.2,-0.2,-0.2,-0.2,-0.2,-0.2,-0.2,-0.2,-0.2,-0.2,-0.2,-0.2
Telenav,2019,3,3,0,0,22,22,0,0,0,0.1363636364,0,0.1363636364,0,-0.000005,0.1363636364,0,3,0,3,0,-0.04545454545,-0.04545454545,-0.04545454545,-0.04545454545,-0.04545454545,-0.04545454545,-0.04545454545,-0.04545454545,-0.04545454545,-0.04545454545,-0.04545454545,-0.04545454545,-0.04545454545,-0.04545454545,-0.04545454545,0,0,0,0,0,0,0,3,-0.2,-0.2,-0.2,-0.2,-0.2,-0.2,-0.2,-0.2,-0.2,-0.2,-0.2,-0.2,-0.2,-0.2,-0.2,-0.2,-0.2,-0.2,-0.2,-0.2,-0.2,-0.2,-0.2,-0.2,-0.2,-0.2
Tesla,2019,0,0,0,0,12,12,0,0,0,0,0,0,245.5833333,-0.000005,148.3333333,97.25,0,2947,1780,1167,-0.08333333333,-0.08333333333,-0.08333333333,-0.08333333333,-0.08333333333,-0.08333333333,-0.08333333333,-0.08333333333,-0.08333333333,-0.08333333333,-0.08333333333,-0.08333333333,-0.08333333333,-0.08333333333,-0.08333333333,245.5,0,0,2946,0,0,0,1,-0.2,-0.2,-0.2,-0.2,-0.2,-0.2,-0.2,-0.2,-0.2,-0.2,-0.2,-0.2,-0.2,-0.2,-0.2,-0.2,-0.2,-0.2,-0.2,-0.2,-0.2,-0.2,-0.2,-0.2,-0.2,-0.2
ThorDrive,2019,22,0,22,0,5089,0,5089,0,0,0.004323049715,0,0,0.005305561014,-0.000005,0.005305561014,0,0,27,27,0,-0.0001965022598,-0.0001965022598,-0.0001965022598,-0.0001965022598,-0.0001965022598,-0.0001965022598,-0.0001965022598,-0.0001965022598,-0.0001965022598,-0.0001965022598,-0.0001965022598,-0.0001965022598,-0.0001965022598,-0.0001965022598,-0.0001965022598,0.005305561014,0,0,27,0,0,0,0,-0.2,-0.2,-0.2,-0.2,-0.2,-0.2,-0.2,-0.2,-0.2,-0.2,-0.2,-0.2,-0.2,-0.2,-0.2,-0.2,-0.2,-0.2,-0.2,-0.2,-0.2,-0.2,-0.2,-0.2,-0.2,-0.2
Toyota,2019,2947,2947,0,0,1817,1817,0,0,0,1.621904238,0,0.2443588332,0,-0.000005,0.2344523941,0.009906439185,444,0,426,18,-0.0005503577325,-0.0005503577325,-0.0005503577325,-0.0005503577325,-0.0005503577325,-0.0005503577325,-0.0005503577325,-0.0005503577325,-0.0005503577325,-0.0005503577325,-0.0005503577325,-0.0005503577325,-0.0005503577325,-0.0005503577325,-0.0005503577325,0.2443588332,0,0,444,0,0,0,0,-0.2,-0.2,-0.2,-0.2,-0.2,-0.2,-0.2,-0.2,-0.2,-0.2,-0.2,-0.2,-0.2,-0.2,-0.2,-0.2,-0.2,-0.2,-0.2,-0.2,-0.2,-0.2,-0.2,-0.2,-0.2,-0.2
UATC,2019,-0.2,-0.2,-0.2,-0.2,0,0,0,0,-0.2,-0.000005,-0.000005,-0.000005,-0.000005,-0.000005,-0.000005,-0.000005,-0.2,-0.2,-0.2,-0.2,-0.000005,-0.000005,-0.000005,-0.000005,-0.000005,-0.000005,-0.000005,-0.000005,-0.000005,-0.000005,-0.000005,-0.000005,-0.000005,-0.000005,-0.000005,-0.000005,-0.000005,-0.000005,-0.2,-0.2,-0.2,-0.2,-0.2,-0.2,-0.2,-0.2,-0.2,-0.2,-0.2,-0.2,-0.2,-0.2,-0.2,-0.2,-0.2,-0.2,-0.2,-0.2,-0.2,-0.2,-0.2,-0.2,-0.2,-0.2,-0.2,-0.2,-0.2,-0.2,-0.2
Udelv,2019,444,444,0,0,707,707,0,0,0,0.6280056577,0,0,0.1301272984,-0.000005,0.1301272984,0,0,92,92,0,-0.001414427157,-0.001414427157,-0.001414427157,-0.001414427157,-0.001414427157,-0.001414427157,-0.001414427157,-0.001414427157,-0.001414427157,-0.001414427157,-0.001414427157,-0.001414427157,-0.001414427157,-0.001414427157,-0.001414427157,0.1301272984,0,0,92,0,0,0,0,-0.2,-0.2,-0.2,-0.2,-0.2,-0.2,-0.2,-0.2,-0.2,-0.2,-0.2,-0.2,-0.2,-0.2,-0.2,-0.2,-0.2,-0.2,-0.2,-0.2,-0.2,-0.2,-0.2,-0.2,-0.2,-0.2
Valeo,2019,92,92,0,0,100,100,0,0,0,0.92,0,0,1.1,-0.000005,0.96,0.14,0,110,96,14,-0.01,-0.01,-0.01,-0.01,-0.01,-0.01,-0.01,-0.01,-0.01,-0.01,-0.01,-0.01,-0.01,-0.01,-0.01,0.84,0.02,0.23,84,2,23,0,1,-0.2,-0.2,-0.2,-0.2,-0.2,-0.2,-0.2,-0.2,-0.2,-0.2,-0.2,-0.2,-0.2,-0.2,-0.2,-0.2,-0.2,-0.2,-0.2,-0.2,-0.2,-0.2,-0.2,-0.2,-0.2,-0.2
Waymo,2019,110,110,0,0,1454132,1454132,0,0,25,0.00007564650252,0.00001719238694,0,0.00002682012362,-0.000005,0.00002269395076,0.000004126172865,0,39,33,6,0.000004126172865,0.00001237851859,0,0.00001719238694,0.00001237851859,0.000004813868342,0.00001719238694,0,0.00001650469146,0.0000006876954774,0.00001581699598,0.0000006876954774,0.0000006876954774,0.00001444160503,0.00000275078191,0.00002200625528,0.000003438477387,0,32,5,0,0,2,6,18,1,6,19,0,24,0,1,0,25,18,7,0,18,7,25,0,24,1,0,23,1,1,21,4
WeRide,2019,39,39,0,0,5917,5917,0,0,0,0.006591177962,0,0,0.007098191651,-0.000005,0.007098191651,0,0,42,42,0,-0.0001690045631,-0.0001690045631,-0.0001690045631,-0.0001690045631,-0.0001690045631,-0.0001690045631,-0.0001690045631,-0.0001690045631,-0.0001690045631,-0.0001690045631,-0.0001690045631,-0.0001690045631,-0.0001690045631,-0.0001690045631,-0.0001690045631,0.007098191651,0,0,42,0,0,0,0,-0.2,-0.2,-0.2,-0.2,-0.2,-0.2,-0.2,-0.2,-0.2,-0.2,-0.2,-0.2,-0.2,-0.2,-0.2,-0.2,-0.2,-0.2,-0.2,-0.2,-0.2,-0.2,-0.2,-0.2,-0.2,-0.2
Zoox,2019,42,42,0,0,67015,67015,0,0,8,0.00062672536,0.000119376259,0,0.00001492203238,-0.000005,0.00001492203238,0,0,1,1,0,0.00008953219428,0.00002984406476,0.00005968812952,0.00005968812952,0.0001044542267,0.00001492203238,0.000119376259,0,0.0001044542267,0.00001492203238,0.00004476609714,0.00004476609714,0,0.00005968812952,0.00005968812952,0.00001492203238,0,0,1,0,0,0,0,6,2,0,6,2,4,1,3,0,4,4,7,1,0,7,1,8,0,7,1,2,3,3,0,4,4
AImotive,2020,113,113,0,0,2987,0,0,0,0,0.03783059926,0,0,0.03783059926,-0.000005,0.03783059926,0,0,113,113,0,-0.0003347840643,-0.0003347840643,-0.0003347840643,-0.0003347840643,-0.0003347840643,-0.0003347840643,-0.0003347840643,-0.0003347840643,-0.0003347840643,-0.0003347840643,-0.0003347840643,-0.0003347840643,-0.0003347840643,-0.0003347840643,-0.0003347840643,0,0.03783059926,0,0,113,0,0,0,-0.2,-0.2,-0.2,-0.2,-0.2,-0.2,-0.2,-0.2,-0.2,-0.2,-0.2,-0.2,-0.2,-0.2,-0.2,-0.2,-0.2,-0.2,-0.2,-0.2,-0.2,-0.2,-0.2,-0.2,-0.2,-0.2
Apollo,2020,-0.2,-0.2,-0.2,-0.2,0,0,0,0,-0.2,-0.000005,-0.000005,-0.000005,-0.000005,-0.000005,-0.000005,-0.000005,-0.2,-0.2,-0.2,-0.2,-0.000005,-0.000005,-0.000005,-0.000005,-0.000005,-0.000005,-0.000005,-0.000005,-0.000005,-0.000005,-0.000005,-0.000005,-0.000005,-0.000005,-0.000005,-0.000005,-0.000005,-0.000005,-0.2,-0.2,-0.2,-0.2,-0.2,-0.2,-0.2,-0.2,-0.2,-0.2,-0.2,-0.2,-0.2,-0.2,-0.2,-0.2,-0.2,-0.2,-0.2,-0.2,-0.2,-0.2,-0.2,-0.2,-0.2,-0.2,-0.2,-0.2,-0.2,-0.2,-0.2
Apple,2020,130,130,0,0,18804,0,0,0,0,0.006913422676,0,0,0.006913422676,-0.000005,0.002605828547,0.004307594129,0,130,49,81,-0.00005318017443,-0.00005318017443,-0.00005318017443,-0.00005318017443,-0.00005318017443,-0.00005318017443,-0.00005318017443,-0.00005318017443,-0.00005318017443,-0.00005318017443,-0.00005318017443,-0.00005318017443,-0.00005318017443,-0.00005318017443,-0.00005318017443,0.006647521804,0.0001063603489,0.0001595405233,125,2,3,0,0,-0.2,-0.2,-0.2,-0.2,-0.2,-0.2,-0.2,-0.2,-0.2,-0.2,-0.2,-0.2,-0.2,-0.2,-0.2,-0.2,-0.2,-0.2,-0.2,-0.2,-0.2,-0.2,-0.2,-0.2,-0.2,-0.2
Argo AI,2020,1,0,1,0,1741,0,1741,0,0,0.0005743825388,0,0,0.0005743825388,-0.000005,0.0005743825388,0,0,1,1,0,-0.0005743825388,-0.0005743825388,-0.0005743825388,-0.0005743825388,-0.0005743825388,-0.0005743825388,-0.0005743825388,-0.0005743825388,-0.0005743825388,-0.0005743825388,-0.0005743825388,-0.0005743825388,-0.0005743825388,-0.0005743825388,-0.0005743825388,0.0005743825388,0,0,1,0,0,0,0,-0.2,-0.2,-0.2,-0.2,-0.2,-0.2,-0.2,-0.2,-0.2,-0.2,-0.2,-0.2,-0.2,-0.2,-0.2,-0.2,-0.2,-0.2,-0.2,-0.2,-0.2,-0.2,-0.2,-0.2,-0.2,-0.2
Atlas Robotics,2020,1,0,1,0,2.2,0,2.2,0,0,0.4545454545,0,0.4545454545,0,-0.000005,0.4545454545,0,1,0,1,0,-0.4545454545,-0.4545454545,-0.4545454545,-0.4545454545,-0.4545454545,-0.4545454545,-0.4545454545,-0.4545454545,-0.4545454545,-0.4545454545,-0.4545454545,-0.4545454545,-0.4545454545,-0.4545454545,-0.4545454545,0.4545454545,0,0,1,0,0,0,0,-0.2,-0.2,-0.2,-0.2,-0.2,-0.2,-0.2,-0.2,-0.2,-0.2,-0.2,-0.2,-0.2,-0.2,-0.2,-0.2,-0.2,-0.2,-0.2,-0.2,-0.2,-0.2,-0.2,-0.2,-0.2,-0.2
Aurora,2020,37,37,0,0,12199,0,0,0,1,0.003033035495,0.00008197393229,0,0.003033035495,-0.000005,0.001885400443,0.001147635052,0,37,23,14,0.00008197393229,0,0.00008197393229,0,0.00008197393229,0,0.00008197393229,0,0.00008197393229,0,0,0,0,0.00008197393229,0,0.00286908763,0.00008197393229,0.00008197393229,35,1,1,0,0,1,0,0,1,0,1,0,0,0,1,0,1,0,0,1,0,1,0,1,0,1,0,0,0,1,0
AutoX,2020,2,2,0,0,40734,0,0,0,0,0.00004909903275,0,0,0.00004909903275,-0.000005,0.00004909903275,0,0,2,2,0,-0.00002454951637,-0.00002454951637,-0.00002454951637,-0.00002454951637,-0.00002454951637,-0.00002454951637,-0.00002454951637,-0.00002454951637,-0.00002454951637,-0.00002454951637,-0.00002454951637,-0.00002454951637,-0.00002454951637,-0.00002454951637,-0.00002454951637,0.00004909903275,0,0,2,0,0,0,0,-0.2,-0.2,-0.2,-0.2,-0.2,-0.2,-0.2,-0.2,-0.2,-0.2,-0.2,-0.2,-0.2,-0.2,-0.2,-0.2,-0.2,-0.2,-0.2,-0.2,-0.2,-0.2,-0.2,-0.2,-0.2,-0.2
Baidu,2020,-0.2,-0.2,-0.2,-0.2,0,0,0,0,-0.2,-0.000005,-0.000005,-0.000005,-0.000005,-0.000005,-0.000005,-0.000005,-0.2,-0.2,-0.2,-0.2,-0.000005,-0.000005,-0.000005,-0.000005,-0.000005,-0.000005,-0.000005,-0.000005,-0.000005,-0.000005,-0.000005,-0.000005,-0.000005,-0.000005,-0.000005,-0.000005,-0.000005,-0.000005,-0.2,-0.2,-0.2,-0.2,-0.2,-0.2,-0.2,-0.2,-0.2,-0.2,-0.2,-0.2,-0.2,-0.2,-0.2,-0.2,-0.2,-0.2,-0.2,-0.2,-0.2,-0.2,-0.2,-0.2,-0.2,-0.2,-0.2,-0.2,-0.2,-0.2,-0.2
BMW,2020,3,3,0,0,122,0,0,0,0,0.02459016393,0,0.02459016393,0,-0.000005,0.02459016393,0,3,0,3,0,-0.008196721311,-0.008196721311,-0.008196721311,-0.008196721311,-0.008196721311,-0.008196721311,-0.008196721311,-0.008196721311,-0.008196721311,-0.008196721311,-0.008196721311,-0.008196721311,-0.008196721311,-0.008196721311,-0.008196721311,0.02459016393,0,0,3,0,0,0,0,-0.2,-0.2,-0.2,-0.2,-0.2,-0.2,-0.2,-0.2,-0.2,-0.2,-0.2,-0.2,-0.2,-0.2,-0.2,-0.2,-0.2,-0.2,-0.2,-0.2,-0.2,-0.2,-0.2,-0.2,-0.2,-0.2
Box Bot,2020,-0.2,-0.2,-0.2,-0.2,0,0,0,0,-0.2,-0.000005,-0.000005,-0.000005,-0.000005,-0.000005,-0.000005,-0.000005,-0.2,-0.2,-0.2,-0.2,-0.000005,-0.000005,-0.000005,-0.000005,-0.000005,-0.000005,-0.000005,-0.000005,-0.000005,-0.000005,-0.000005,-0.000005,-0.000005,-0.000005,-0.000005,-0.000005,-0.000005,-0.000005,-0.2,-0.2,-0.2,-0.2,-0.2,-0.2,-0.2,-0.2,-0.2,-0.2,-0.2,-0.2,-0.2,-0.2,-0.2,-0.2,-0.2,-0.2,-0.2,-0.2,-0.2,-0.2,-0.2,-0.2,-0.2,-0.2,-0.2,-0.2,-0.2,-0.2,-0.2
CRUISE,2020,27,27,0,0,770048,0,0,0,16,0.00003506274934,0.00002077792553,0,0.00003506274934,-0.000005,0.00003506274934,0,0,27,27,0,0.00000909034242,0.00001168758311,0.000005194481383,0.00001558344415,0.00001298620346,0.000007791722074,0.00001558344415,0.000005194481383,0.00002077792553,0,0.00000909034242,0.000005194481383,0.000001298620346,0.00001168758311,0.00000909034242,0.00003506274934,0,0,27,0,0,0,0,7,9,0,7,9,4,9,3,0,4,12,10,6,0,10,6,12,4,16,0,4,7,4,1,9,7
Deeproute.AI,2020,3,0,3,0,9095,0,9095,0,0,0.0003298515668,0,0,0.0003298515668,-0.000005,0.0003298515668,0,0,3,3,0,-0.0001099505223,-0.0001099505223,-0.0001099505223,-0.0001099505223,-0.0001099505223,-0.0001099505223,-0.0001099505223,-0.0001099505223,-0.0001099505223,-0.0001099505223,-0.0001099505223,-0.0001099505223,-0.0001099505223,-0.0001099505223,-0.0001099505223,0.0003298515668,0,0,3,0,0,0,0,-0.2,-0.2,-0.2,-0.2,-0.2,-0.2,-0.2,-0.2,-0.2,-0.2,-0.2,-0.2,-0.2,-0.2,-0.2,-0.2,-0.2,-0.2,-0.2,-0.2,-0.2,-0.2,-0.2,-0.2,-0.2,-0.2
DiDi,2020,2,2,0,0,10402,0,0,0,0,0.0001922707172,0,0,0.0001922707172,-0.000005,0.0001922707172,0,0,2,2,0,-0.00009613535858,-0.00009613535858,-0.00009613535858,-0.00009613535858,-0.00009613535858,-0.00009613535858,-0.00009613535858,-0.00009613535858,-0.00009613535858,-0.00009613535858,-0.00009613535858,-0.00009613535858,-0.00009613535858,-0.00009613535858,-0.00009613535858,0.0001922707172,0,0,2,0,0,0,0,-0.2,-0.2,-0.2,-0.2,-0.2,-0.2,-0.2,-0.2,-0.2,-0.2,-0.2,-0.2,-0.2,-0.2,-0.2,-0.2,-0.2,-0.2,-0.2,-0.2,-0.2,-0.2,-0.2,-0.2,-0.2,-0.2
Drive.ai,2020,-0.2,-0.2,-0.2,-0.2,0,0,0,0,-0.2,-0.000005,-0.000005,-0.000005,-0.000005,-0.000005,-0.000005,-0.000005,-0.2,-0.2,-0.2,-0.2,-0.000005,-0.000005,-0.000005,-0.000005,-0.000005,-0.000005,-0.000005,-0.000005,-0.000005,-0.000005,-0.000005,-0.000005,-0.000005,-0.000005,-0.000005,-0.000005,-0.000005,-0.000005,-0.2,-0.2,-0.2,-0.2,-0.2,-0.2,-0.2,-0.2,-0.2,-0.2,-0.2,-0.2,-0.2,-0.2,-0.2,-0.2,-0.2,-0.2,-0.2,-0.2,-0.2,-0.2,-0.2,-0.2,-0.2,-0.2,-0.2,-0.2,-0.2,-0.2,-0.2
EasyMile,2020,128,128,0,0,424,0,0,0,0,0.3018867925,0,0,0.3018867925,-0.000005,0.2004716981,0.1014150943,0,128,85,43,-0.002358490566,-0.002358490566,-0.002358490566,-0.002358490566,-0.002358490566,-0.002358490566,-0.002358490566,-0.002358490566,-0.002358490566,-0.002358490566,-0.002358490566,-0.002358490566,-0.002358490566,-0.002358490566,-0.002358490566,0.3018867925,0,0,128,0,0,0,0,-0.2,-0.2,-0.2,-0.2,-0.2,-0.2,-0.2,-0.2,-0.2,-0.2,-0.2,-0.2,-0.2,-0.2,-0.2,-0.2,-0.2,-0.2,-0.2,-0.2,-0.2,-0.2,-0.2,-0.2,-0.2,-0.2
Gatik AI,2020,11,11,0,0,2352,0,0,0,0,0.004676870748,0,0,0.004676870748,-0.000005,0.002551020408,0.00212585034,0,11,6,5,-0.000425170068,-0.000425170068,-0.000425170068,-0.000425170068,-0.000425170068,-0.000425170068,-0.000425170068,-0.000425170068,-0.000425170068,-0.000425170068,-0.000425170068,-0.000425170068,-0.000425170068,-0.000425170068,-0.000425170068,0.004676870748,0,0,11,0,0,0,0,-0.2,-0.2,-0.2,-0.2,-0.2,-0.2,-0.2,-0.2,-0.2,-0.2,-0.2,-0.2,-0.2,-0.2,-0.2,-0.2,-0.2,-0.2,-0.2,-0.2,-0.2,-0.2,-0.2,-0.2,-0.2,-0.2
INCEPTIO,2020,0,0,0,0,39,0,39,0,0,0,0,-0.02564102564,-0.02564102564,-0.000005,-0.02564102564,-0.02564102564,-0.2,-0.2,-0.2,-0.2,-0.02564102564,-0.02564102564,-0.02564102564,-0.02564102564,-0.02564102564,-0.02564102564,-0.02564102564,-0.02564102564,-0.02564102564,-0.02564102564,-0.02564102564,-0.02564102564,-0.02564102564,-0.02564102564,-0.02564102564,-0.02564102564,-0.02564102564,-0.02564102564,-0.2,-0.2,-0.2,-0.2,-0.2,-0.2,-0.2,-0.2,-0.2,-0.2,-0.2,-0.2,-0.2,-0.2,-0.2,-0.2,-0.2,-0.2,-0.2,-0.2,-0.2,-0.2,-0.2,-0.2,-0.2,-0.2,-0.2,-0.2,-0.2,-0.2,-0.2
Lyft,2020,123,123,0,0,32732,0,0,0,1,0.003757790541,0.00003055114261,0,0.003757790541,-0.000005,0.003757790541,0,0,123,123,0,0.00003055114261,0,0,0.00003055114261,0.00003055114261,0,0.00003055114261,0,0.00003055114261,0,0,0.00003055114261,0,0.00003055114261,0,0.003757790541,0,0,123,0,0,0,0,1,0,0,1,0,0,1,0,0,0,1,1,0,0,1,0,1,0,1,0,0,0,1,0,1,0
Mercedes Benz,2020,1167,1167,0,0,29984,0,0,0,0,0.03892075774,0,0,0.03892075774,-0.000005,0.01850987193,0.02041088581,0,1167,555,612,-0.0000333511206,-0.0000333511206,-0.0000333511206,-0.0000333511206,-0.0000333511206,-0.0000333511206,-0.0000333511206,-0.0000333511206,-0.0000333511206,-0.0000333511206,-0.0000333511206,-0.0000333511206,-0.0000333511206,-0.0000333511206,-0.0000333511206,0.03741995731,0.001500800427,0,1122,45,0,0,0,-0.2,-0.2,-0.2,-0.2,-0.2,-0.2,-0.2,-0.2,-0.2,-0.2,-0.2,-0.2,-0.2,-0.2,-0.2,-0.2,-0.2,-0.2,-0.2,-0.2,-0.2,-0.2,-0.2,-0.2,-0.2,-0.2
Nissan,2020,4,4,0,0,395,0,0,0,0,0.01012658228,0,0,0.01012658228,-0.000005,0.007594936709,0.00253164557,0,4,3,1,-0.00253164557,-0.00253164557,-0.00253164557,-0.00253164557,-0.00253164557,-0.00253164557,-0.00253164557,-0.00253164557,-0.00253164557,-0.00253164557,-0.00253164557,-0.00253164557,-0.00253164557,-0.00253164557,-0.00253164557,0.01012658228,0,0,4,0,0,0,0,-0.2,-0.2,-0.2,-0.2,-0.2,-0.2,-0.2,-0.2,-0.2,-0.2,-0.2,-0.2,-0.2,-0.2,-0.2,-0.2,-0.2,-0.2,-0.2,-0.2,-0.2,-0.2,-0.2,-0.2,-0.2,-0.2
Nullmax,2020,-0.2,-0.2,-0.2,-0.2,0,0,0,0,-0.2,-0.000005,-0.000005,-0.000005,-0.000005,-0.000005,-0.000005,-0.000005,-0.2,-0.2,-0.2,-0.2,-0.000005,-0.000005,-0.000005,-0.000005,-0.000005,-0.000005,-0.000005,-0.000005,-0.000005,-0.000005,-0.000005,-0.000005,-0.000005,-0.000005,-0.000005,-0.000005,-0.000005,-0.000005,-0.2,-0.2,-0.2,-0.2,-0.2,-0.2,-0.2,-0.2,-0.2,-0.2,-0.2,-0.2,-0.2,-0.2,-0.2,-0.2,-0.2,-0.2,-0.2,-0.2,-0.2,-0.2,-0.2,-0.2,-0.2,-0.2,-0.2,-0.2,-0.2,-0.2,-0.2
Nuro,2020,11,11,0,0,55370,0,0,0,0,0.0001986635362,0,0,0.0001986635362,-0.000005,0.0001986635362,0,0,11,11,0,-0.00001806032147,-0.00001806032147,-0.00001806032147,-0.00001806032147,-0.00001806032147,-0.00001806032147,-0.00001806032147,-0.00001806032147,-0.00001806032147,-0.00001806032147,-0.00001806032147,-0.00001806032147,-0.00001806032147,-0.00001806032147,-0.00001806032147,0.0001986635362,0,0,11,0,0,0,0,-0.2,-0.2,-0.2,-0.2,-0.2,-0.2,-0.2,-0.2,-0.2,-0.2,-0.2,-0.2,-0.2,-0.2,-0.2,-0.2,-0.2,-0.2,-0.2,-0.2,-0.2,-0.2,-0.2,-0.2,-0.2,-0.2
NVIDIA,2020,125,125,0,0,3033,0,0,0,0,0.04121332015,0,0,0.04121332015,-0.000005,0.04121332015,0,0,125,125,0,-0.0003297065612,-0.0003297065612,-0.0003297065612,-0.0003297065612,-0.0003297065612,-0.0003297065612,-0.0003297065612,-0.0003297065612,-0.0003297065612,-0.0003297065612,-0.0003297065612,-0.0003297065612,-0.0003297065612,-0.0003297065612,-0.0003297065612,0.01055060996,0.02472799209,0.005934718101,32,75,18,0,0,-0.2,-0.2,-0.2,-0.2,-0.2,-0.2,-0.2,-0.2,-0.2,-0.2,-0.2,-0.2,-0.2,-0.2,-0.2,-0.2,-0.2,-0.2,-0.2,-0.2,-0.2,-0.2,-0.2,-0.2,-0.2,-0.2
Phantom AI,2020,-0.2,-0.2,-0.2,-0.2,0,0,0,0,-0.2,-0.000005,-0.000005,-0.000005,-0.000005,-0.000005,-0.000005,-0.000005,-0.2,-0.2,-0.2,-0.2,-0.000005,-0.000005,-0.000005,-0.000005,-0.000005,-0.000005,-0.000005,-0.000005,-0.000005,-0.000005,-0.000005,-0.000005,-0.000005,-0.000005,-0.000005,-0.000005,-0.000005,-0.000005,-0.2,-0.2,-0.2,-0.2,-0.2,-0.2,-0.2,-0.2,-0.2,-0.2,-0.2,-0.2,-0.2,-0.2,-0.2,-0.2,-0.2,-0.2,-0.2,-0.2,-0.2,-0.2,-0.2,-0.2,-0.2,-0.2,-0.2,-0.2,-0.2,-0.2,-0.2
PlusAI,2020,-0.2,-0.2,-0.2,-0.2,0,0,0,0,-0.2,-0.000005,-0.000005,-0.000005,-0.000005,-0.000005,-0.000005,-0.000005,-0.2,-0.2,-0.2,-0.2,-0.000005,-0.000005,-0.000005,-0.000005,-0.000005,-0.000005,-0.000005,-0.000005,-0.000005,-0.000005,-0.000005,-0.000005,-0.000005,-0.000005,-0.000005,-0.000005,-0.000005,-0.000005,-0.2,-0.2,-0.2,-0.2,-0.2,-0.2,-0.2,-0.2,-0.2,-0.2,-0.2,-0.2,-0.2,-0.2,-0.2,-0.2,-0.2,-0.2,-0.2,-0.2,-0.2,-0.2,-0.2,-0.2,-0.2,-0.2,-0.2,-0.2,-0.2,-0.2,-0.2
Pony.ai,2020,21,21,0,0,225496,0,0,0,2,0.00009312803775,0.000008869336928,0,0.00009312803775,-0.000005,0.00009312803775,0,0,21,21,0,0,0.000008869336928,0,0.000008869336928,0.000008869336928,0,0.000008869336928,0,0.000008869336928,0,0.000008869336928,0,0,0.000008869336928,0,0.00009312803775,0,0,21,0,0,0,0,0,2,0,0,2,0,0,2,0,0,2,2,0,0,2,0,2,0,2,0,0,2,0,0,2,0
QCraft,2020,7,0,7,0,3035,0,3035,0,0,0.002306425041,0,0,0.002306425041,-0.000005,0.00197693575,0.0003294892916,0,7,6,1,-0.0003294892916,-0.0003294892916,-0.0003294892916,-0.0003294892916,-0.0003294892916,-0.0003294892916,-0.0003294892916,-0.0003294892916,-0.0003294892916,-0.0003294892916,-0.0003294892916,-0.0003294892916,-0.0003294892916,-0.0003294892916,-0.0003294892916,0.002306425041,0,0,7,0,0,0,0,-0.2,-0.2,-0.2,-0.2,-0.2,-0.2,-0.2,-0.2,-0.2,-0.2,-0.2,-0.2,-0.2,-0.2,-0.2,-0.2,-0.2,-0.2,-0.2,-0.2,-0.2,-0.2,-0.2,-0.2,-0.2,-0.2
Qualcomm,2020,90,90,0,0,1727,0,0,0,0,0.0521134916,0,0,0.0521134916,-0.000005,0.0521134916,0,0,90,90,0,-0.0005790387956,-0.0005790387956,-0.0005790387956,-0.0005790387956,-0.0005790387956,-0.0005790387956,-0.0005790387956,-0.0005790387956,-0.0005790387956,-0.0005790387956,-0.0005790387956,-0.0005790387956,-0.0005790387956,-0.0005790387956,-0.0005790387956,0,0.03705848292,0.01505500869,0,64,26,0,0,-0.2,-0.2,-0.2,-0.2,-0.2,-0.2,-0.2,-0.2,-0.2,-0.2,-0.2,-0.2,-0.2,-0.2,-0.2,-0.2,-0.2,-0.2,-0.2,-0.2,-0.2,-0.2,-0.2,-0.2,-0.2,-0.2
RIDECELL,2020,189,189,0,0,148,0,0,0,0,1.277027027,0,0,1.277027027,-0.000005,1.277027027,0,0,189,189,0,-0.006756756757,-0.006756756757,-0.006756756757,-0.006756756757,-0.006756756757,-0.006756756757,-0.006756756757,-0.006756756757,-0.006756756757,-0.006756756757,-0.006756756757,-0.006756756757,-0.006756756757,-0.006756756757,-0.006756756757,1.277027027,0,0,189,0,0,0,0,-0.2,-0.2,-0.2,-0.2,-0.2,-0.2,-0.2,-0.2,-0.2,-0.2,-0.2,-0.2,-0.2,-0.2,-0.2,-0.2,-0.2,-0.2,-0.2,-0.2,-0.2,-0.2,-0.2,-0.2,-0.2,-0.2
SAIC,2020,-0.2,-0.2,-0.2,-0.2,0,0,0,0,-0.2,-0.000005,-0.000005,-0.000005,-0.000005,-0.000005,-0.000005,-0.000005,-0.2,-0.2,-0.2,-0.2,-0.000005,-0.000005,-0.000005,-0.000005,-0.000005,-0.000005,-0.000005,-0.000005,-0.000005,-0.000005,-0.000005,-0.000005,-0.000005,-0.000005,-0.000005,-0.000005,-0.000005,-0.000005,-0.2,-0.2,-0.2,-0.2,-0.2,-0.2,-0.2,-0.2,-0.2,-0.2,-0.2,-0.2,-0.2,-0.2,-0.2,-0.2,-0.2,-0.2,-0.2,-0.2,-0.2,-0.2,-0.2,-0.2,-0.2,-0.2,-0.2,-0.2,-0.2,-0.2,-0.2
SF Motors,2020,61,61,0,0,874,0,0,0,0,0.06979405034,0,0,0.06979405034,-0.000005,0.06979405034,0,0,61,61,0,-0.00114416476,-0.00114416476,-0.00114416476,-0.00114416476,-0.00114416476,-0.00114416476,-0.00114416476,-0.00114416476,-0.00114416476,-0.00114416476,-0.00114416476,-0.00114416476,-0.00114416476,-0.00114416476,-0.00114416476,0.02860411899,0,0.04118993135,25,0,36,0,0,-0.2,-0.2,-0.2,-0.2,-0.2,-0.2,-0.2,-0.2,-0.2,-0.2,-0.2,-0.2,-0.2,-0.2,-0.2,-0.2,-0.2,-0.2,-0.2,-0.2,-0.2,-0.2,-0.2,-0.2,-0.2,-0.2
Telenav,2020,2,2,0,0,4,0,0,0,0,0.5,0,0.5,0,-0.000005,0.5,0,2,0,2,0,-0.25,-0.25,-0.25,-0.25,-0.25,-0.25,-0.25,-0.25,-0.25,-0.25,-0.25,-0.25,-0.25,-0.25,-0.25,0,0,0,0,0,0,0,2,-0.2,-0.2,-0.2,-0.2,-0.2,-0.2,-0.2,-0.2,-0.2,-0.2,-0.2,-0.2,-0.2,-0.2,-0.2,-0.2,-0.2,-0.2,-0.2,-0.2,-0.2,-0.2,-0.2,-0.2,-0.2,-0.2
Tesla,2020,-0.2,-0.2,-0.2,-0.2,0,0,0,0,-0.2,-0.000005,-0.000005,-0.000005,-0.000005,-0.000005,-0.000005,-0.000005,-0.2,-0.2,-0.2,-0.2,-0.000005,-0.000005,-0.000005,-0.000005,-0.000005,-0.000005,-0.000005,-0.000005,-0.000005,-0.000005,-0.000005,-0.000005,-0.000005,-0.000005,-0.000005,-0.000005,-0.000005,-0.000005,-0.2,-0.2,-0.2,-0.2,-0.2,-0.2,-0.2,-0.2,-0.2,-0.2,-0.2,-0.2,-0.2,-0.2,-0.2,-0.2,-0.2,-0.2,-0.2,-0.2,-0.2,-0.2,-0.2,-0.2,-0.2,-0.2,-0.2,-0.2,-0.2,-0.2,-0.2
ThorDrive,2020,-0.2,-0.2,-0.2,-0.2,0,0,0,0,-0.2,-0.000005,-0.000005,-0.000005,-0.000005,-0.000005,-0.000005,-0.000005,-0.2,-0.2,-0.2,-0.2,-0.000005,-0.000005,-0.000005,-0.000005,-0.000005,-0.000005,-0.000005,-0.000005,-0.000005,-0.000005,-0.000005,-0.000005,-0.000005,-0.000005,-0.000005,-0.000005,-0.000005,-0.000005,-0.2,-0.2,-0.2,-0.2,-0.2,-0.2,-0.2,-0.2,-0.2,-0.2,-0.2,-0.2,-0.2,-0.2,-0.2,-0.2,-0.2,-0.2,-0.2,-0.2,-0.2,-0.2,-0.2,-0.2,-0.2,-0.2,-0.2,-0.2,-0.2,-0.2,-0.2
Toyota,2020,1215,1215,0,0,2875,0,0,0,0,0.4226086957,0,0,0.4226086957,-0.000005,0.4226086957,0,0,1215,1215,0,-0.000347826087,-0.000347826087,-0.000347826087,-0.000347826087,-0.000347826087,-0.000347826087,-0.000347826087,-0.000347826087,-0.000347826087,-0.000347826087,-0.000347826087,-0.000347826087,-0.000347826087,-0.000347826087,-0.000347826087,0.4226086957,0,0,1215,0,0,0,0,-0.2,-0.2,-0.2,-0.2,-0.2,-0.2,-0.2,-0.2,-0.2,-0.2,-0.2,-0.2,-0.2,-0.2,-0.2,-0.2,-0.2,-0.2,-0.2,-0.2,-0.2,-0.2,-0.2,-0.2,-0.2,-0.2
UATC,2020,31,0,31,0,14,0,14,0,0,2.214285714,0,0,2.214285714,-0.000005,2.214285714,0,0,31,31,0,-0.07142857143,-0.07142857143,-0.07142857143,-0.07142857143,-0.07142857143,-0.07142857143,-0.07142857143,-0.07142857143,-0.07142857143,-0.07142857143,-0.07142857143,-0.07142857143,-0.07142857143,-0.07142857143,-0.07142857143,2.214285714,0,0,31,0,0,0,0,-0.2,-0.2,-0.2,-0.2,-0.2,-0.2,-0.2,-0.2,-0.2,-0.2,-0.2,-0.2,-0.2,-0.2,-0.2,-0.2,-0.2,-0.2,-0.2,-0.2,-0.2,-0.2,-0.2,-0.2,-0.2,-0.2
Udelv,2020,49,49,0,0,66,0,0,0,0,0.7424242424,0,0.7424242424,0,-0.000005,0.7424242424,0,49,0,49,0,-0.01515151515,-0.01515151515,-0.01515151515,-0.01515151515,-0.01515151515,-0.01515151515,-0.01515151515,-0.01515151515,-0.01515151515,-0.01515151515,-0.01515151515,-0.01515151515,-0.01515151515,-0.01515151515,-0.01515151515,0.7424242424,0,0,49,0,0,0,0,-0.2,-0.2,-0.2,-0.2,-0.2,-0.2,-0.2,-0.2,-0.2,-0.2,-0.2,-0.2,-0.2,-0.2,-0.2,-0.2,-0.2,-0.2,-0.2,-0.2,-0.2,-0.2,-0.2,-0.2,-0.2,-0.2
Valeo,2020,99,99,0,0,49,0,0,0,0,2.020408163,0,0,2.020408163,-0.000005,1.612244898,0.4081632653,0,99,79,20,-0.02040816327,-0.02040816327,-0.02040816327,-0.02040816327,-0.02040816327,-0.02040816327,-0.02040816327,-0.02040816327,-0.02040816327,-0.02040816327,-0.02040816327,-0.02040816327,-0.02040816327,-0.02040816327,-0.02040816327,2.020408163,0,0,99,0,0,0,0,-0.2,-0.2,-0.2,-0.2,-0.2,-0.2,-0.2,-0.2,-0.2,-0.2,-0.2,-0.2,-0.2,-0.2,-0.2,-0.2,-0.2,-0.2,-0.2,-0.2,-0.2,-0.2,-0.2,-0.2,-0.2,-0.2
Waymo,2020,21,21,0,0,628836,0,0,0,11,0.00003339503464,0.00001749263719,0,0.00003339503464,-0.000005,0.00002544383591,0.000007951198723,0,21,16,5,0.000006360958978,0.000007951198723,0,0.00001749263719,0.00001590239745,0.000001590239745,0.00001113167821,0.000006360958978,0.00001749263719,0,0.0000143121577,0.000003180479489,0,0.000007951198723,0.000009541438467,0.00002703407566,0,0.000006360958978,17,0,4,0,0,4,5,2,4,7,0,9,1,1,0,11,10,1,0,10,1,7,4,11,0,0,9,2,0,5,6
WeRide,2020,2,2,0,0,13014,0,0,0,0,0.0001536806516,0,0,0.0001536806516,-0.000005,0.0001536806516,0,0,2,2,0,-0.0000768403258,-0.0000768403258,-0.0000768403258,-0.0000768403258,-0.0000768403258,-0.0000768403258,-0.0000768403258,-0.0000768403258,-0.0000768403258,-0.0000768403258,-0.0000768403258,-0.0000768403258,-0.0000768403258,-0.0000768403258,-0.0000768403258,0,0,0.0001536806516,0,0,2,0,0,-0.2,-0.2,-0.2,-0.2,-0.2,-0.2,-0.2,-0.2,-0.2,-0.2,-0.2,-0.2,-0.2,-0.2,-0.2,-0.2,-0.2,-0.2,-0.2,-0.2,-0.2,-0.2,-0.2,-0.2,-0.2,-0.2
Zoox,2020,63,63,0,0,102521,0,0,0,13,0.0006145082471,0.0001268032891,0,0.0006145082471,-0.000005,0.0006145082471,0,0,63,63,0,0.00006827869412,0.00005852459496,0.00002926229748,0.0000975409916,0.0001268032891,0,0.0001072950908,0.00001950819832,0.0001268032891,0,0.00006827869412,0.00003901639664,0,0.00005852459496,0.00006827869412,0.0006145082471,0,0,63,0,0,0,0,7,6,0,7,6,3,8,2,0,3,10,13,0,0,13,0,11,2,13,0,2,7,4,0,6,7
AImotive,2021,106,106,0,0,2976,2976,0,0,0,0.03561827957,0,0,0.03561827957,-0.000005,0.03561827957,0,0,106,106,0,-0.0003360215054,-0.0003360215054,-0.0003360215054,-0.0003360215054,-0.0003360215054,-0.0003360215054,-0.0003360215054,-0.0003360215054,-0.0003360215054,-0.0003360215054,-0.0003360215054,-0.0003360215054,-0.0003360215054,-0.0003360215054,-0.0003360215054,0,0.03561827957,0,0,106,0,0,0,-0.2,-0.2,-0.2,-0.2,-0.2,-0.2,-0.2,-0.2,-0.2,-0.2,-0.2,-0.2,-0.2,-0.2,-0.2,-0.2,-0.2,-0.2,-0.2,-0.2,-0.2,-0.2,-0.2,-0.2,-0.2,-0.2
Apollo,2021,1,1,0,0,11031.6,1467,0,9564.6,0,0.00009064868197,0,0.00009064868197,0,0,0.00009064868197,0,1,0,1,0,-0.00009064868197,-0.00009064868197,-0.00009064868197,-0.00009064868197,-0.00009064868197,-0.00009064868197,-0.00009064868197,-0.00009064868197,-0.00009064868197,-0.00009064868197,-0.00009064868197,-0.00009064868197,-0.00009064868197,-0.00009064868197,-0.00009064868197,0.00009064868197,0,0,1,0,0,0,0,-0.2,-0.2,-0.2,-0.2,-0.2,-0.2,-0.2,-0.2,-0.2,-0.2,-0.2,-0.2,-0.2,-0.2,-0.2,-0.2,-0.2,-0.2,-0.2,-0.2,-0.2,-0.2,-0.2,-0.2,-0.2,-0.2
Apple,2021,663,663,0,0,13272,13272,0,0,5,0.04995479204,0.0003767329717,0,0.04995479204,-0.000005,0.04264617239,0.00730861965,0,663,566,97,0.0003013863773,0.00007534659433,0.00007534659433,0.0003013863773,0.0003767329717,0,0.0003013863773,0.00007534659433,0.0003767329717,0,0.00007534659433,0.0001506931887,0.00007534659433,0.0001506931887,0.000226039783,0.04844786016,0,0.001506931887,643,0,20,0,0,4,1,0,4,1,1,3,1,0,1,4,5,0,0,5,0,4,1,5,0,1,1,2,1,2,3
Argo AI,2021,1,1,0,0,36734,36734,0,0,3,0.00002722273643,0.00008166820929,0,0.00002722273643,-0.000005,0.00002722273643,0,0,1,1,0,0.00002722273643,0.00005444547286,0,0.00008166820929,0.00008166820929,0,0.00008166820929,0,0.00008166820929,0,0.00008166820929,0,0,0.00002722273643,0.00005444547286,0.00002722273643,0,0,1,0,0,0,0,1,2,0,1,2,0,3,0,0,0,3,3,0,0,3,0,3,0,3,0,0,3,0,0,1,2
Atlas Robotics,2021,-0.2,-0.2,-0.2,-0.2,0,0,0,0,-0.2,-0.000005,-0.000005,-0.000005,-0.000005,-0.000005,-0.000005,-0.000005,-0.2,-0.2,-0.2,-0.2,-0.000005,-0.000005,-0.000005,-0.000005,-0.000005,-0.000005,-0.000005,-0.000005,-0.000005,-0.000005,-0.000005,-0.000005,-0.000005,-0.000005,-0.000005,-0.000005,-0.000005,-0.000005,-0.2,-0.2,-0.2,-0.2,-0.2,-0.2,-0.2,-0.2,-0.2,-0.2,-0.2,-0.2,-0.2,-0.2,-0.2,-0.2,-0.2,-0.2,-0.2,-0.2,-0.2,-0.2,-0.2,-0.2,-0.2,-0.2,-0.2,-0.2,-0.2,-0.2,-0.2
Aurora,2021,9,9,0,0,12646,12646,0,0,0,0.0007116874901,0,0,0.0007116874901,-0.000005,0.0001581527756,0.0005535347145,0,9,2,7,-0.00007907638779,-0.00007907638779,-0.00007907638779,-0.00007907638779,-0.00007907638779,-0.00007907638779,-0.00007907638779,-0.00007907638779,-0.00007907638779,-0.00007907638779,-0.00007907638779,-0.00007907638779,-0.00007907638779,-0.00007907638779,-0.00007907638779,0.000395381939,0.0003163055512,0,5,4,0,0,0,-0.2,-0.2,-0.2,-0.2,-0.2,-0.2,-0.2,-0.2,-0.2,-0.2,-0.2,-0.2,-0.2,-0.2,-0.2,-0.2,-0.2,-0.2,-0.2,-0.2,-0.2,-0.2,-0.2,-0.2,-0.2,-0.2
AutoX,2021,1,1,0,0,50108,50108,0,0,0,0.00001995689311,0,0,0.00001995689311,-0.000005,0.00001995689311,0,0,1,1,0,-0.00001995689311,-0.00001995689311,-0.00001995689311,-0.00001995689311,-0.00001995689311,-0.00001995689311,-0.00001995689311,-0.00001995689311,-0.00001995689311,-0.00001995689311,-0.00001995689311,-0.00001995689311,-0.00001995689311,-0.00001995689311,-0.00001995689311,0.00001995689311,0,0,1,0,0,0,0,-0.2,-0.2,-0.2,-0.2,-0.2,-0.2,-0.2,-0.2,-0.2,-0.2,-0.2,-0.2,-0.2,-0.2,-0.2,-0.2,-0.2,-0.2,-0.2,-0.2,-0.2,-0.2,-0.2,-0.2,-0.2,-0.2
Baidu,2021,-0.2,-0.2,-0.2,-0.2,0,0,0,0,-0.2,-0.000005,-0.000005,-0.000005,-0.000005,-0.000005,-0.000005,-0.000005,-0.2,-0.2,-0.2,-0.2,-0.000005,-0.000005,-0.000005,-0.000005,-0.000005,-0.000005,-0.000005,-0.000005,-0.000005,-0.000005,-0.000005,-0.000005,-0.000005,-0.000005,-0.000005,-0.000005,-0.000005,-0.000005,-0.2,-0.2,-0.2,-0.2,-0.2,-0.2,-0.2,-0.2,-0.2,-0.2,-0.2,-0.2,-0.2,-0.2,-0.2,-0.2,-0.2,-0.2,-0.2,-0.2,-0.2,-0.2,-0.2,-0.2,-0.2,-0.2,-0.2,-0.2,-0.2,-0.2,-0.2
BMW,2021,-0.2,-0.2,-0.2,-0.2,0,0,0,0,-0.2,-0.000005,-0.000005,-0.000005,-0.000005,-0.000005,-0.000005,-0.000005,-0.2,-0.2,-0.2,-0.2,-0.000005,-0.000005,-0.000005,-0.000005,-0.000005,-0.000005,-0.000005,-0.000005,-0.000005,-0.000005,-0.000005,-0.000005,-0.000005,-0.000005,-0.000005,-0.000005,-0.000005,-0.000005,-0.2,-0.2,-0.2,-0.2,-0.2,-0.2,-0.2,-0.2,-0.2,-0.2,-0.2,-0.2,-0.2,-0.2,-0.2,-0.2,-0.2,-0.2,-0.2,-0.2,-0.2,-0.2,-0.2,-0.2,-0.2,-0.2,-0.2,-0.2,-0.2,-0.2,-0.2
Box Bot,2021,-0.2,-0.2,-0.2,-0.2,0,0,0,0,-0.2,-0.000005,-0.000005,-0.000005,-0.000005,-0.000005,-0.000005,-0.000005,-0.2,-0.2,-0.2,-0.2,-0.000005,-0.000005,-0.000005,-0.000005,-0.000005,-0.000005,-0.000005,-0.000005,-0.000005,-0.000005,-0.000005,-0.000005,-0.000005,-0.000005,-0.000005,-0.000005,-0.000005,-0.000005,-0.2,-0.2,-0.2,-0.2,-0.2,-0.2,-0.2,-0.2,-0.2,-0.2,-0.2,-0.2,-0.2,-0.2,-0.2,-0.2,-0.2,-0.2,-0.2,-0.2,-0.2,-0.2,-0.2,-0.2,-0.2,-0.2,-0.2,-0.2,-0.2,-0.2,-0.2
CRUISE,2021,21,21,0,0,882470.59,876105,0,6365.59,30,0.00002379682704,0.0000339954672,0,0.00002379682704,0,0.00002379682704,0,0,21,21,0,0.000007932275681,0.00001813091584,0.00000113318224,0.00003286228496,0.00002153046256,0.00001246500464,0.00003059592048,0.00000339954672,0.000028329556,0.000005665911201,0.0000169977336,0.00001586455136,0.00000113318224,0.0000113318224,0.0000226636448,0.00002379682704,0,0,21,0,0,0,0,7,16,7,7,23,1,26,3,0,1,29,19,8,3,19,11,27,3,25,5,0,15,14,1,10,20
Deeproute.AI,2021,2,2,0,0,30872,30872,0,0,0,0.0000647836227,0,0,0.0000647836227,-0.000005,0.0000647836227,0,0,2,2,0,-0.00003239181135,-0.00003239181135,-0.00003239181135,-0.00003239181135,-0.00003239181135,-0.00003239181135,-0.00003239181135,-0.00003239181135,-0.00003239181135,-0.00003239181135,-0.00003239181135,-0.00003239181135,-0.00003239181135,-0.00003239181135,-0.00003239181135,0.0000647836227,0,0,2,0,0,0,0,-0.2,-0.2,-0.2,-0.2,-0.2,-0.2,-0.2,-0.2,-0.2,-0.2,-0.2,-0.2,-0.2,-0.2,-0.2,-0.2,-0.2,-0.2,-0.2,-0.2,-0.2,-0.2,-0.2,-0.2,-0.2,-0.2
DiDi,2021,1,1,0,0,40745,40745,0,0,0,0.0000245428887,0,0,0.0000245428887,-0.000005,0.0000245428887,0,0,1,1,0,-0.0000245428887,-0.0000245428887,-0.0000245428887,-0.0000245428887,-0.0000245428887,-0.0000245428887,-0.0000245428887,-0.0000245428887,-0.0000245428887,-0.0000245428887,-0.0000245428887,-0.0000245428887,-0.0000245428887,-0.0000245428887,-0.0000245428887,0.0000245428887,0,0,1,0,0,0,0,-0.2,-0.2,-0.2,-0.2,-0.2,-0.2,-0.2,-0.2,-0.2,-0.2,-0.2,-0.2,-0.2,-0.2,-0.2,-0.2,-0.2,-0.2,-0.2,-0.2,-0.2,-0.2,-0.2,-0.2,-0.2,-0.2
Drive.ai,2021,-0.2,-0.2,-0.2,-0.2,0,0,0,0,-0.2,-0.000005,-0.000005,-0.000005,-0.000005,-0.000005,-0.000005,-0.000005,-0.2,-0.2,-0.2,-0.2,-0.000005,-0.000005,-0.000005,-0.000005,-0.000005,-0.000005,-0.000005,-0.000005,-0.000005,-0.000005,-0.000005,-0.000005,-0.000005,-0.000005,-0.000005,-0.000005,-0.000005,-0.000005,-0.2,-0.2,-0.2,-0.2,-0.2,-0.2,-0.2,-0.2,-0.2,-0.2,-0.2,-0.2,-0.2,-0.2,-0.2,-0.2,-0.2,-0.2,-0.2,-0.2,-0.2,-0.2,-0.2,-0.2,-0.2,-0.2,-0.2,-0.2,-0.2,-0.2,-0.2
EasyMile,2021,222,222,0,0,320,320,0,0,0,0.69375,0,0,0.69375,-0.000005,0.471875,0.221875,0,222,151,71,-0.003125,-0.003125,-0.003125,-0.003125,-0.003125,-0.003125,-0.003125,-0.003125,-0.003125,-0.003125,-0.003125,-0.003125,-0.003125,-0.003125,-0.003125,0.69375,0,0,222,0,0,0,0,-0.2,-0.2,-0.2,-0.2,-0.2,-0.2,-0.2,-0.2,-0.2,-0.2,-0.2,-0.2,-0.2,-0.2,-0.2,-0.2,-0.2,-0.2,-0.2,-0.2,-0.2,-0.2,-0.2,-0.2,-0.2,-0.2
Gatik AI,2021,6,6,0,0,1924,1924,0,0,0,0.003118503119,0,0,0.003118503119,-0.000005,0.00103950104,0.002079002079,0,6,2,4,-0.0005197505198,-0.0005197505198,-0.0005197505198,-0.0005197505198,-0.0005197505198,-0.0005197505198,-0.0005197505198,-0.0005197505198,-0.0005197505198,-0.0005197505198,-0.0005197505198,-0.0005197505198,-0.0005197505198,-0.0005197505198,-0.0005197505198,0.003118503119,0,0,6,0,0,0,0,-0.2,-0.2,-0.2,-0.2,-0.2,-0.2,-0.2,-0.2,-0.2,-0.2,-0.2,-0.2,-0.2,-0.2,-0.2,-0.2,-0.2,-0.2,-0.2,-0.2,-0.2,-0.2,-0.2,-0.2,-0.2,-0.2
INCEPTIO,2021,-0.2,-0.2,-0.2,-0.2,0,0,0,0,-0.2,-0.000005,-0.000005,-0.000005,-0.000005,-0.000005,-0.000005,-0.000005,-0.2,-0.2,-0.2,-0.2,-0.000005,-0.000005,-0.000005,-0.000005,-0.000005,-0.000005,-0.000005,-0.000005,-0.000005,-0.000005,-0.000005,-0.000005,-0.000005,-0.000005,-0.000005,-0.000005,-0.000005,-0.000005,-0.2,-0.2,-0.2,-0.2,-0.2,-0.2,-0.2,-0.2,-0.2,-0.2,-0.2,-0.2,-0.2,-0.2,-0.2,-0.2,-0.2,-0.2,-0.2,-0.2,-0.2,-0.2,-0.2,-0.2,-0.2,-0.2,-0.2,-0.2,-0.2,-0.2,-0.2
Lyft,2021,23,23,0,0,11199,11199,0,0,1,0.0020537548,0.00008929368694,0,0.0020537548,-0.000005,0.0020537548,0,0,23,23,0,0,0.00008929368694,0,0.00008929368694,0.00008929368694,0,0.00008929368694,0,0.00008929368694,0,0,0.00008929368694,0,0,0.00008929368694,0.0020537548,0,0,23,0,0,0,0,0,1,0,0,1,0,0,1,0,0,1,1,0,0,1,0,1,0,1,0,0,0,1,0,0,1
Mercedes Benz,2021,272,272,0,0,58613,58613,0,0,0,0.004640608739,0,0,0.004640608739,-0.000005,0.002780953031,0.001859655708,0,272,163,109,-0.00001706106154,-0.00001706106154,-0.00001706106154,-0.00001706106154,-0.00001706106154,-0.00001706106154,-0.00001706106154,-0.00001706106154,-0.00001706106154,-0.00001706106154,-0.00001706106154,-0.00001706106154,-0.00001706106154,-0.00001706106154,-0.00001706106154,0.004316448569,0.0003241601692,0,253,19,0,0,0,-0.2,-0.2,-0.2,-0.2,-0.2,-0.2,-0.2,-0.2,-0.2,-0.2,-0.2,-0.2,-0.2,-0.2,-0.2,-0.2,-0.2,-0.2,-0.2,-0.2,-0.2,-0.2,-0.2,-0.2,-0.2,-0.2
Nissan,2021,17,17,0,0,508,508,0,0,0,0.03346456693,0,0,0.03346456693,-0.000005,0.03346456693,0,0,17,17,0,-0.001968503937,-0.001968503937,-0.001968503937,-0.001968503937,-0.001968503937,-0.001968503937,-0.001968503937,-0.001968503937,-0.001968503937,-0.001968503937,-0.001968503937,-0.001968503937,-0.001968503937,-0.001968503937,-0.001968503937,0.03346456693,0,0,17,0,0,0,0,-0.2,-0.2,-0.2,-0.2,-0.2,-0.2,-0.2,-0.2,-0.2,-0.2,-0.2,-0.2,-0.2,-0.2,-0.2,-0.2,-0.2,-0.2,-0.2,-0.2,-0.2,-0.2,-0.2,-0.2,-0.2,-0.2
Nullmax,2021,-0.2,-0.2,-0.2,-0.2,0,0,0,0,-0.2,-0.000005,-0.000005,-0.000005,-0.000005,-0.000005,-0.000005,-0.000005,-0.2,-0.2,-0.2,-0.2,-0.000005,-0.000005,-0.000005,-0.000005,-0.000005,-0.000005,-0.000005,-0.000005,-0.000005,-0.000005,-0.000005,-0.000005,-0.000005,-0.000005,-0.000005,-0.000005,-0.000005,-0.000005,-0.2,-0.2,-0.2,-0.2,-0.2,-0.2,-0.2,-0.2,-0.2,-0.2,-0.2,-0.2,-0.2,-0.2,-0.2,-0.2,-0.2,-0.2,-0.2,-0.2,-0.2,-0.2,-0.2,-0.2,-0.2,-0.2,-0.2,-0.2,-0.2,-0.2,-0.2
Nuro,2021,23,23,0,0,59098,59098,0,0,0,0.0003891840671,0,0,0.0003891840671,-0.000005,0.0003891840671,0,0,23,23,0,-0.0000169210464,-0.0000169210464,-0.0000169210464,-0.0000169210464,-0.0000169210464,-0.0000169210464,-0.0000169210464,-0.0000169210464,-0.0000169210464,-0.0000169210464,-0.0000169210464,-0.0000169210464,-0.0000169210464,-0.0000169210464,-0.0000169210464,0.0003891840671,0,0,23,0,0,0,0,-0.2,-0.2,-0.2,-0.2,-0.2,-0.2,-0.2,-0.2,-0.2,-0.2,-0.2,-0.2,-0.2,-0.2,-0.2,-0.2,-0.2,-0.2,-0.2,-0.2,-0.2,-0.2,-0.2,-0.2,-0.2,-0.2
NVIDIA,2021,82,82,0,0,28004,28004,0,0,0,0.002928153121,0,0,0.002928153121,-0.000005,0.002928153121,0,0,82,82,0,-0.0000357091844,-0.0000357091844,-0.0000357091844,-0.0000357091844,-0.0000357091844,-0.0000357091844,-0.0000357091844,-0.0000357091844,-0.0000357091844,-0.0000357091844,-0.0000357091844,-0.0000357091844,-0.0000357091844,-0.0000357091844,-0.0000357091844,0.001821168405,0.0009641479789,0.0001428367376,51,27,4,0,0,-0.2,-0.2,-0.2,-0.2,-0.2,-0.2,-0.2,-0.2,-0.2,-0.2,-0.2,-0.2,-0.2,-0.2,-0.2,-0.2,-0.2,-0.2,-0.2,-0.2,-0.2,-0.2,-0.2,-0.2,-0.2,-0.2
Phantom AI,2021,-0.2,-0.2,-0.2,-0.2,0,0,0,0,-0.2,-0.000005,-0.000005,-0.000005,-0.000005,-0.000005,-0.000005,-0.000005,-0.2,-0.2,-0.2,-0.2,-0.000005,-0.000005,-0.000005,-0.000005,-0.000005,-0.000005,-0.000005,-0.000005,-0.000005,-0.000005,-0.000005,-0.000005,-0.000005,-0.000005,-0.000005,-0.000005,-0.000005,-0.000005,-0.2,-0.2,-0.2,-0.2,-0.2,-0.2,-0.2,-0.2,-0.2,-0.2,-0.2,-0.2,-0.2,-0.2,-0.2,-0.2,-0.2,-0.2,-0.2,-0.2,-0.2,-0.2,-0.2,-0.2,-0.2,-0.2,-0.2,-0.2,-0.2,-0.2,-0.2
PlusAI,2021,-0.2,-0.2,-0.2,-0.2,0,0,0,0,-0.2,-0.000005,-0.000005,-0.000005,-0.000005,-0.000005,-0.000005,-0.000005,-0.2,-0.2,-0.2,-0.2,-0.000005,-0.000005,-0.000005,-0.000005,-0.000005,-0.000005,-0.000005,-0.000005,-0.000005,-0.000005,-0.000005,-0.000005,-0.000005,-0.000005,-0.000005,-0.000005,-0.000005,-0.000005,-0.2,-0.2,-0.2,-0.2,-0.2,-0.2,-0.2,-0.2,-0.2,-0.2,-0.2,-0.2,-0.2,-0.2,-0.2,-0.2,-0.2,-0.2,-0.2,-0.2,-0.2,-0.2,-0.2,-0.2,-0.2,-0.2,-0.2,-0.2,-0.2,-0.2,-0.2
Pony.ai,2021,22,1,0,1,314660.86,305618,0,9042.86,2,0.00006991654443,0.000006356049494,0.000003178024747,0.00006673851969,0.0001105844832,0.00006673851969,0.000003178024747,1,21,21,1,0,0.000003178024747,0,0.000006356049494,0.000006356049494,0,0.000003178024747,0.000003178024747,0.000006356049494,0,0.000003178024747,0.000003178024747,0,0,0.000006356049494,0.00006991654443,0,0,22,0,0,0,0,0,1,1,0,2,0,0,2,0,0,2,2,0,0,2,0,1,1,2,0,0,1,1,0,0,2
QCraft,2021,5,5,0,0,6320,6320,0,0,0,0.0007911392405,0,0,0.0007911392405,-0.000005,0.0004746835443,0.0003164556962,0,5,3,2,-0.0001582278481,-0.0001582278481,-0.0001582278481,-0.0001582278481,-0.0001582278481,-0.0001582278481,-0.0001582278481,-0.0001582278481,-0.0001582278481,-0.0001582278481,-0.0001582278481,-0.0001582278481,-0.0001582278481,-0.0001582278481,-0.0001582278481,0.0006329113924,0,0,4,0,0,0,1,-0.2,-0.2,-0.2,-0.2,-0.2,-0.2,-0.2,-0.2,-0.2,-0.2,-0.2,-0.2,-0.2,-0.2,-0.2,-0.2,-0.2,-0.2,-0.2,-0.2,-0.2,-0.2,-0.2,-0.2,-0.2,-0.2
Qualcomm,2021,143,143,0,0,1635,1635,0,0,0,0.0874617737,0,0,0.0874617737,-0.000005,0.0874617737,0,0,143,143,0,-0.0006116207951,-0.0006116207951,-0.0006116207951,-0.0006116207951,-0.0006116207951,-0.0006116207951,-0.0006116207951,-0.0006116207951,-0.0006116207951,-0.0006116207951,-0.0006116207951,-0.0006116207951,-0.0006116207951,-0.0006116207951,-0.0006116207951,0,0,0.0874617737,0,0,143,0,0,-0.2,-0.2,-0.2,-0.2,-0.2,-0.2,-0.2,-0.2,-0.2,-0.2,-0.2,-0.2,-0.2,-0.2,-0.2,-0.2,-0.2,-0.2,-0.2,-0.2,-0.2,-0.2,-0.2,-0.2,-0.2,-0.2
RIDECELL,2021,-0.2,-0.2,-0.2,-0.2,0,0,0,0,-0.2,-0.000005,-0.000005,-0.000005,-0.000005,-0.000005,-0.000005,-0.000005,-0.2,-0.2,-0.2,-0.2,-0.000005,-0.000005,-0.000005,-0.000005,-0.000005,-0.000005,-0.000005,-0.000005,-0.000005,-0.000005,-0.000005,-0.000005,-0.000005,-0.000005,-0.000005,-0.000005,-0.000005,-0.000005,-0.2,-0.2,-0.2,-0.2,-0.2,-0.2,-0.2,-0.2,-0.2,-0.2,-0.2,-0.2,-0.2,-0.2,-0.2,-0.2,-0.2,-0.2,-0.2,-0.2,-0.2,-0.2,-0.2,-0.2,-0.2,-0.2,-0.2,-0.2,-0.2,-0.2,-0.2
SAIC,2021,-0.2,-0.2,-0.2,-0.2,0,0,0,0,-0.2,-0.000005,-0.000005,-0.000005,-0.000005,-0.000005,-0.000005,-0.000005,-0.2,-0.2,-0.2,-0.2,-0.000005,-0.000005,-0.000005,-0.000005,-0.000005,-0.000005,-0.000005,-0.000005,-0.000005,-0.000005,-0.000005,-0.000005,-0.000005,-0.000005,-0.000005,-0.000005,-0.000005,-0.000005,-0.2,-0.2,-0.2,-0.2,-0.2,-0.2,-0.2,-0.2,-0.2,-0.2,-0.2,-0.2,-0.2,-0.2,-0.2,-0.2,-0.2,-0.2,-0.2,-0.2,-0.2,-0.2,-0.2,-0.2,-0.2,-0.2,-0.2,-0.2,-0.2,-0.2,-0.2
SF Motors,2021,-0.2,-0.2,-0.2,-0.2,0,0,0,0,-0.2,-0.000005,-0.000005,-0.000005,-0.000005,-0.000005,-0.000005,-0.000005,-0.2,-0.2,-0.2,-0.2,-0.000005,-0.000005,-0.000005,-0.000005,-0.000005,-0.000005,-0.000005,-0.000005,-0.000005,-0.000005,-0.000005,-0.000005,-0.000005,-0.000005,-0.000005,-0.000005,-0.000005,-0.000005,-0.2,-0.2,-0.2,-0.2,-0.2,-0.2,-0.2,-0.2,-0.2,-0.2,-0.2,-0.2,-0.2,-0.2,-0.2,-0.2,-0.2,-0.2,-0.2,-0.2,-0.2,-0.2,-0.2,-0.2,-0.2,-0.2,-0.2,-0.2,-0.2,-0.2,-0.2
Telenav,2021,-0.2,-0.2,-0.2,-0.2,0,0,0,0,-0.2,-0.000005,-0.000005,-0.000005,-0.000005,-0.000005,-0.000005,-0.000005,-0.2,-0.2,-0.2,-0.2,-0.000005,-0.000005,-0.000005,-0.000005,-0.000005,-0.000005,-0.000005,-0.000005,-0.000005,-0.000005,-0.000005,-0.000005,-0.000005,-0.000005,-0.000005,-0.000005,-0.000005,-0.000005,-0.2,-0.2,-0.2,-0.2,-0.2,-0.2,-0.2,-0.2,-0.2,-0.2,-0.2,-0.2,-0.2,-0.2,-0.2,-0.2,-0.2,-0.2,-0.2,-0.2,-0.2,-0.2,-0.2,-0.2,-0.2,-0.2,-0.2,-0.2,-0.2,-0.2,-0.2
Tesla,2021,-0.2,-0.2,-0.2,-0.2,0,0,0,0,-0.2,-0.000005,-0.000005,-0.000005,-0.000005,-0.000005,-0.000005,-0.000005,-0.2,-0.2,-0.2,-0.2,-0.000005,-0.000005,-0.000005,-0.000005,-0.000005,-0.000005,-0.000005,-0.000005,-0.000005,-0.000005,-0.000005,-0.000005,-0.000005,-0.000005,-0.000005,-0.000005,-0.000005,-0.000005,-0.2,-0.2,-0.2,-0.2,-0.2,-0.2,-0.2,-0.2,-0.2,-0.2,-0.2,-0.2,-0.2,-0.2,-0.2,-0.2,-0.2,-0.2,-0.2,-0.2,-0.2,-0.2,-0.2,-0.2,-0.2,-0.2,-0.2,-0.2,-0.2,-0.2,-0.2
ThorDrive,2021,-0.2,-0.2,-0.2,-0.2,0,0,0,0,-0.2,-0.000005,-0.000005,-0.000005,-0.000005,-0.000005,-0.000005,-0.000005,-0.2,-0.2,-0.2,-0.2,-0.000005,-0.000005,-0.000005,-0.000005,-0.000005,-0.000005,-0.000005,-0.000005,-0.000005,-0.000005,-0.000005,-0.000005,-0.000005,-0.000005,-0.000005,-0.000005,-0.000005,-0.000005,-0.2,-0.2,-0.2,-0.2,-0.2,-0.2,-0.2,-0.2,-0.2,-0.2,-0.2,-0.2,-0.2,-0.2,-0.2,-0.2,-0.2,-0.2,-0.2,-0.2,-0.2,-0.2,-0.2,-0.2,-0.2,-0.2,-0.2,-0.2,-0.2,-0.2,-0.2
Toyota,2021,419,419,0,0,13959,13959,0,0,0,0.03001647682,0,0,0.03001647682,-0.000005,0.03001647682,0,0,419,419,0,-0.00007163836951,-0.00007163836951,-0.00007163836951,-0.00007163836951,-0.00007163836951,-0.00007163836951,-0.00007163836951,-0.00007163836951,-0.00007163836951,-0.00007163836951,-0.00007163836951,-0.00007163836951,-0.00007163836951,-0.00007163836951,-0.00007163836951,0.03001647682,0,0,419,0,0,0,0,-0.2,-0.2,-0.2,-0.2,-0.2,-0.2,-0.2,-0.2,-0.2,-0.2,-0.2,-0.2,-0.2,-0.2,-0.2,-0.2,-0.2,-0.2,-0.2,-0.2,-0.2,-0.2,-0.2,-0.2,-0.2,-0.2
UATC,2021,-0.2,-0.2,-0.2,-0.2,0,0,0,0,-0.2,-0.000005,-0.000005,-0.000005,-0.000005,-0.000005,-0.000005,-0.000005,-0.2,-0.2,-0.2,-0.2,-0.000005,-0.000005,-0.000005,-0.000005,-0.000005,-0.000005,-0.000005,-0.000005,-0.000005,-0.000005,-0.000005,-0.000005,-0.000005,-0.000005,-0.000005,-0.000005,-0.000005,-0.000005,-0.2,-0.2,-0.2,-0.2,-0.2,-0.2,-0.2,-0.2,-0.2,-0.2,-0.2,-0.2,-0.2,-0.2,-0.2,-0.2,-0.2,-0.2,-0.2,-0.2,-0.2,-0.2,-0.2,-0.2,-0.2,-0.2,-0.2,-0.2,-0.2,-0.2,-0.2
Udelv,2021,46,46,0,0,60,60,0,0,0,0.7666666667,0,0.7666666667,0,-0.000005,0.7666666667,0,46,0,46,0,-0.01666666667,-0.01666666667,-0.01666666667,-0.01666666667,-0.01666666667,-0.01666666667,-0.01666666667,-0.01666666667,-0.01666666667,-0.01666666667,-0.01666666667,-0.01666666667,-0.01666666667,-0.01666666667,-0.01666666667,0.7666666667,0,0,46,0,0,0,0,-0.2,-0.2,-0.2,-0.2,-0.2,-0.2,-0.2,-0.2,-0.2,-0.2,-0.2,-0.2,-0.2,-0.2,-0.2,-0.2,-0.2,-0.2,-0.2,-0.2,-0.2,-0.2,-0.2,-0.2,-0.2,-0.2
Valeo,2021,205,205,0,0,336,336,0,0,0,0.6101190476,0,0,0.6101190476,-0.000005,0.5952380952,0.01488095238,0,205,200,5,-0.002976190476,-0.002976190476,-0.002976190476,-0.002976190476,-0.002976190476,-0.002976190476,-0.002976190476,-0.002976190476,-0.002976190476,-0.002976190476,-0.002976190476,-0.002976190476,-0.002976190476,-0.002976190476,-0.002976190476,0.556547619,0,0.05357142857,187,0,18,0,0,-0.2,-0.2,-0.2,-0.2,-0.2,-0.2,-0.2,-0.2,-0.2,-0.2,-0.2,-0.2,-0.2,-0.2,-0.2,-0.2,-0.2,-0.2,-0.2,-0.2,-0.2,-0.2,-0.2,-0.2,-0.2,-0.2
Waymo,2021,292,292,0,0,2325832,2325832,0,0,64,0.0001255464711,0.00002751703476,0,0.0001255464711,-0.000005,0.00006062346722,0.0000649230039,0,292,141,151,0.0000107488417,0.0000094589807,0.0000004299536682,0.0000270870811,0.00002493731276,0.000002579722009,0.00001719814673,0.00001031888804,0.00002622717376,0.000001289861005,0.00001805805406,0.000008599073364,0.0000004299536682,0.00001246865638,0.00001504837839,0.0001208169808,0.0000008599073364,0.000003869583014,281,2,9,0,0,25,22,17,25,39,1,56,6,1,1,63,58,4,2,58,6,40,24,61,3,1,42,20,1,29,35
WeRide,2021,3,3,0,0,57967,57967,0,0,3,0.00005175358394,0.00005175358394,0.00001725119465,0.00003450238929,-0.000005,0.00005175358394,0,1,2,3,0,0.00001725119465,0.00003450238929,0,0.00005175358394,0.00005175358394,0,0.00005175358394,0,0.00005175358394,0,0.00003450238929,0.00001725119465,0,0.00001725119465,0.00003450238929,0.00001725119465,0,0.00003450238929,1,0,2,0,0,1,2,0,1,2,0,2,1,0,0,3,3,0,0,3,0,3,0,3,0,0,2,1,0,1,2
Zoox,2021,21,21,0,0,155125,155125,0,0,9,0.0001353746978,0.00005801772764,0,0.0001353746978,-0.000005,0.0001353746978,0,0,21,21,0,0.00004512489927,0.00001289282836,0.00001933924255,0.00003867848509,0.00005801772764,0,0.00005801772764,0,0.00005801772764,0,0.00001933924255,0.00001289282836,0.000006446414182,0.00002578565673,0.00003223207091,0.0001353746978,0,0,21,0,0,0,0,7,2,0,7,2,3,5,1,0,3,6,9,0,0,9,0,9,0,9,0,3,3,2,1,4,5